-- MySQL dump 10.13  Distrib 5.5.47, for debian-linux-gnu (x86_64)
--
-- Host: localhost    Database: venvast
-- ------------------------------------------------------
-- Server version	5.5.47-0ubuntu0.14.04.1

/*!40101 SET @OLD_CHARACTER_SET_CLIENT=@@CHARACTER_SET_CLIENT */;
/*!40101 SET @OLD_CHARACTER_SET_RESULTS=@@CHARACTER_SET_RESULTS */;
/*!40101 SET @OLD_COLLATION_CONNECTION=@@COLLATION_CONNECTION */;
/*!40101 SET NAMES utf8 */;
/*!40103 SET @OLD_TIME_ZONE=@@TIME_ZONE */;
/*!40103 SET TIME_ZONE='+00:00' */;
/*!40014 SET @OLD_UNIQUE_CHECKS=@@UNIQUE_CHECKS, UNIQUE_CHECKS=0 */;
/*!40014 SET @OLD_FOREIGN_KEY_CHECKS=@@FOREIGN_KEY_CHECKS, FOREIGN_KEY_CHECKS=0 */;
/*!40101 SET @OLD_SQL_MODE=@@SQL_MODE, SQL_MODE='NO_AUTO_VALUE_ON_ZERO' */;
/*!40111 SET @OLD_SQL_NOTES=@@SQL_NOTES, SQL_NOTES=0 */;

--
-- Table structure for table `categories`
--

DROP TABLE IF EXISTS `categories`;
/*!40101 SET @saved_cs_client     = @@character_set_client */;
/*!40101 SET character_set_client = utf8 */;
CREATE TABLE `categories` (
  `id` int(10) unsigned NOT NULL AUTO_INCREMENT,
  `foreign_id` varchar(255) COLLATE utf8_unicode_ci NOT NULL,
  `source_id` int(10) unsigned NOT NULL,
  `name` varchar(255) COLLATE utf8_unicode_ci NOT NULL,
  `image` varchar(400) COLLATE utf8_unicode_ci NOT NULL,
  `_lft` int(10) unsigned NOT NULL,
  `_rgt` int(10) unsigned NOT NULL,
  `parent_id` int(10) unsigned DEFAULT NULL,
  PRIMARY KEY (`id`),
  KEY `categories_source_id_foreign` (`source_id`),
  KEY `categories__lft__rgt_parent_id_index` (`_lft`,`_rgt`,`parent_id`),
  CONSTRAINT `categories_source_id_foreign` FOREIGN KEY (`source_id`) REFERENCES `sources` (`id`) ON DELETE CASCADE
) ENGINE=InnoDB AUTO_INCREMENT=181 DEFAULT CHARSET=utf8 COLLATE=utf8_unicode_ci;
/*!40101 SET character_set_client = @saved_cs_client */;

--
-- Dumping data for table `categories`
--

LOCK TABLES `categories` WRITE;
/*!40000 ALTER TABLE `categories` DISABLE KEYS */;
INSERT INTO `categories` VALUES (4,'215343825145859',1,'Social Club','',270,270,50),(5,'176139629103647',1,'Dance Club','',270,270,179),(6,'191478144212980',1,'Night Club','',270,270,180),(8,'146053955462002',1,'Aesthetics','',125,125,66),(9,'137847742955715',1,'Clinic','',270,270,175),(10,'152880021441864',1,'Community Organization','',121,121,76),(11,'109527622457518',1,'Shopping Mall','',270,270,114),(12,'273819889375819',1,'Restaurant','',270,270,43),(13,'192661127431931',1,'Wine Bar','',270,270,19),(14,'164243073639257',1,'Hotel','',270,270,176),(15,'189018581118681',1,'Sports Club','',270,270,80),(16,'139141179489281',1,'Boating','',125,125,80),(17,'218693881483234',1,'Pub','',128,128,133),(18,'150108431712141',1,'Food & Grocery','',128,128,114),(19,'110290705711626',1,'Bar','',128,128,134),(20,'135930436481618',1,'Lounge','',128,128,135),(21,'109615542448700',1,'Physical Fitness','',128,128,80),(22,'191681657527859',1,'Fitness Center','',125,125,80),(23,'365182493518892',1,'School','',79,79,46),(24,'161422927240513',1,'Government Organization','',79,79,136),(25,'205950169432461',1,'Day Spa','',79,79,66),(26,'169925186386431',1,'Entertainment Service','',79,79,137),(27,'192803624072087',1,'Fast Food Restaurant','',79,79,12),(28,'134015953331113',1,'Convention Center','',79,79,138),(29,'199438050070864',1,'Interior Designer','',79,79,139),(30,'144835265576678',1,'Architect','',79,79,140),(31,'128673187201735',1,'Coffee Shop','',79,79,43),(32,'197871390225897',1,'Cafe','',79,79,12),(33,'200814353265561',1,'Spa','',79,79,66),(34,'197251360301109',1,'Marina','',162,162,141),(35,'139460309451166',1,'Religious Center','',162,162,142),(36,'136412456432179',1,'Shopping District','',162,162,114),(37,'153490828039067',1,'Outdoor Equipment Store','',125,125,114),(38,'340406299360512',1,'Outdoor Services','',123,123,103),(39,'169706939742581',1,'Scuba Diving','',123,123,80),(40,'192831537402299',1,'Family Style Restaurant','',123,123,12),(41,'132852590115660',1,'Kitchen Supplies','',123,123,143),(42,'182269951819423',1,'Cooking Lesson','',123,123,144),(43,'1578263382424714',1,'Place to Eat/Drink','',532,68,NULL),(44,'2248',1,'Consulting/Business Services','',124,121,NULL),(45,'2500',1,'Local Business','',73,108,NULL),(46,'151676848220295',1,'Education','',123,123,145),(47,'211155112228091',1,'Event Venue','',123,123,146),(48,'357899304273793',1,'Country','',123,123,147),(49,'133152263416981',1,'Hospital','',123,123,148),(50,'133436743388217',1,'Arts & Entertainment','',61,16,NULL),(51,'165679780146824',1,'Food & Restaurant','',17,20,NULL),(52,'192108214153222',1,'Breakfast & Brunch Restaurant','',123,123,12),(53,'156227661101293',1,'International Restaurant','',125,125,12),(57,'152142351517013',1,'Corporate Office','',126,126,74),(58,'181045748599578',1,'Personal Trainer','',126,126,80),(59,'357645644269220',1,'Alternative & Holistic Health','',126,126,149),(60,'187827497907070',1,'Bakery','',126,126,43),(61,'325310894151007',1,'Cupcake Shop','',126,126,18),(62,'197260276952187',1,'Restaurant Supply','',126,126,150),(63,'186983191324114',1,'Music Lessons & Instruction','',126,126,151),(64,'164288046954643',1,'Art School','',126,126,46),(65,'179943432047564',1,'Concert Venue','',126,126,50),(66,'139225689474222',1,'Spa, Beauty & Personal Care','',126,126,103),(67,'191533400865548',1,'Language School','',126,126,46),(68,'187623434605561',1,'Adult Entertainment','',126,126,6),(69,'2235',1,'Non-Governmental Organization (NGO)','',21,22,NULL),(70,'193694197335994',1,'Halal Restaurant','',127,127,12),(71,'184266718279692',1,'Christian Church','',122,122,152),(72,'108051929285833',1,'College & University','',122,122,46),(73,'175647552480085',1,'Catholic Church','',122,122,153),(74,'177721448951559',1,'Workplace & Office','',23,26,NULL),(75,'173883042668223',1,'Theater','',122,122,50),(76,'198503866828628',1,'Organization','',122,122,154),(77,'162813670434541',1,'Market','',122,122,18),(78,'176527262444235',1,'Farmers Market','',122,122,51),(79,'124994474239211',1,'Amusement','',122,122,50),(80,'186982054657561',1,'Sports & Recreation','',27,129,NULL),(81,'199165013440146',1,'Beach','',122,122,155),(82,'108557642554592',1,'Educational Service','',122,122,46),(83,'199797140033948',1,'Educational Consultant','',125,125,46),(84,'184460441595855',1,'Sports Bar','',125,125,19),(85,'197384240287028',1,'Art Gallery','',125,125,50),(86,'181053558607965',1,'Youth Organization','',125,125,76),(87,'199734546726648',1,'Beach Resort','',125,125,156),(88,'124861974254366',1,'Tours & Sightseeing','',125,125,157),(89,'187153754656815',1,'Dessert Place','',125,125,12),(90,'128966563840349',1,'Airport','',125,125,158),(92,'110098282406681',1,'Fishing','',125,125,80),(93,'228143393877753',1,'Medical Center','',125,125,159),(94,'188234584533149',1,'Doctor','',125,125,160),(95,'199833073363963',1,'Liquor Store','',125,125,18),(96,'189334414420898',1,'Party Center','',125,125,114),(97,'188360891207745',1,'Modern European Restaurant','',125,125,161),(98,'180164648685982',1,'Bands & Musicians','',125,125,162),(99,'166419966738430',1,'DJ','',125,125,163),(100,'162914327091136',1,'Travel Agency','',125,125,164),(101,'2508',1,'Arts/Entertainment/Nightlife','',130,131,NULL),(102,'169896676390222',1,'Library','',125,125,165),(103,'176831012360626',1,'Professional Services','',132,148,NULL),(104,'139495282781502',1,'Athletic Education','',125,125,46),(105,'183013211744255',1,'Recreation Center','',125,125,80),(106,'210979565595898',1,'Mobile Phone Shop','',125,125,114),(107,'176007949109829',1,'Buffet Restaurant','',125,125,12),(108,'119869574758000',1,'Tapas Bar & Restaurant','',125,125,166),(109,'233804719972590',1,'Bar & Grill','',125,125,12),(110,'149803325077018',1,'American Restaurant','',0,0,12),(111,'179167895459033',1,'Thai Restaurant','',125,125,167),(112,'147675701970583',1,'Middle School','',125,125,23),(113,'140234236045713',1,'Elementary School','',0,0,23),(114,'200600219953504',1,'Shopping & Retail','',149,163,NULL),(115,'198367566846946',1,'Steakhouse','',125,125,12),(116,'192614304101075',1,'Children\'s Clothing Store','',125,125,168),(117,'103446129740239',1,'Bridal Shop','',125,125,169),(118,'187133811318958',1,'Business Services','',125,125,103),(119,'186004504854452',1,'Clubhouse','',125,125,170),(120,'124701514268099',1,'Property Management','',125,125,171),(121,'200742186618963',1,'Vegetarian & Vegan Restaurant','',125,125,12),(122,'192511100766680',1,'Movie Theater','',125,125,50),(123,'209889829023118',1,'Landmark','',125,125,172),(124,'139721016091877',1,'Outdoor Recreation','',125,125,80),(125,'162480900474637',1,'Dive Bar','',125,125,19),(127,'163300367054197',1,'Seafood Restaurant','',125,125,12),(128,'198325860180715',1,'Martial Arts','',125,125,80),(129,'176139629103647',1,'Dance Club','',167,168,NULL),(130,'191478144212980',1,'Night Club','',169,170,NULL),(131,'137847742955715',1,'Clinic','',171,172,NULL),(132,'164243073639257',1,'Hotel','',173,174,NULL),(133,'218693881483234',1,'Pub','',175,176,NULL),(134,'110290705711626',1,'Bar','',177,178,NULL),(135,'135930436481618',1,'Lounge','',179,180,NULL),(136,'161422927240513',1,'Government Organization','',181,182,NULL),(137,'169925186386431',1,'Entertainment Service','',183,184,NULL),(138,'134015953331113',1,'Convention Center','',185,186,NULL),(139,'199438050070864',1,'Interior Designer','',187,188,NULL),(140,'144835265576678',1,'Architect','',189,190,NULL),(141,'197251360301109',1,'Marina','',191,192,NULL),(142,'139460309451166',1,'Religious Center','',193,194,NULL),(143,'132852590115660',1,'Kitchen Supplies','',195,196,NULL),(144,'182269951819423',1,'Cooking Lesson','',197,198,NULL),(145,'151676848220295',1,'Education','',199,200,NULL),(146,'211155112228091',1,'Event Venue','',201,202,NULL),(147,'357899304273793',1,'Country','',203,204,NULL),(148,'133152263416981',1,'Hospital','',205,206,NULL),(149,'357645644269220',1,'Alternative & Holistic Health','',207,208,NULL),(150,'197260276952187',1,'Restaurant Supply','',209,210,NULL),(151,'186983191324114',1,'Music Lessons & Instruction','',211,212,NULL),(152,'184266718279692',1,'Christian Church','',213,214,NULL),(153,'175647552480085',1,'Catholic Church','',215,216,NULL),(154,'198503866828628',1,'Organization','',217,218,NULL),(155,'199165013440146',1,'Beach','',219,220,NULL),(156,'199734546726648',1,'Beach Resort','',221,222,NULL),(157,'124861974254366',1,'Tours & Sightseeing','',223,224,NULL),(158,'128966563840349',1,'Airport','',225,226,NULL),(159,'228143393877753',1,'Medical Center','',227,228,NULL),(160,'188234584533149',1,'Doctor','',229,230,NULL),(161,'188360891207745',1,'Modern European Restaurant','',231,232,NULL),(162,'180164648685982',1,'Bands & Musicians','',233,234,NULL),(163,'166419966738430',1,'DJ','',235,236,NULL),(164,'162914327091136',1,'Travel Agency','',237,238,NULL),(165,'169896676390222',1,'Library','',239,240,NULL),(166,'119869574758000',1,'Tapas Bar & Restaurant','',241,242,NULL),(167,'179167895459033',1,'Thai Restaurant','',243,244,NULL),(168,'192614304101075',1,'Children\'s Clothing Store','',245,246,NULL),(169,'103446129740239',1,'Bridal Shop','',247,248,NULL),(170,'186004504854452',1,'Clubhouse','',249,250,NULL),(171,'124701514268099',1,'Property Management','',251,252,NULL),(172,'209889829023118',1,'Landmark','',253,254,NULL),(173,'176139629103647',1,'Dance Club','',255,256,NULL),(174,'191478144212980',1,'Night Club','',257,258,NULL),(175,'137847742955715',1,'Clinic','',259,260,NULL),(176,'164243073639257',1,'Hotel','',261,262,NULL),(177,'176139629103647',1,'Dance Club','',263,264,NULL),(178,'191478144212980',1,'Night Club','',265,266,NULL),(179,'176139629103647',1,'Dance Club','',267,268,NULL),(180,'191478144212980',1,'Night Club','',269,271,NULL);
/*!40000 ALTER TABLE `categories` ENABLE KEYS */;
UNLOCK TABLES;

--
-- Table structure for table `events_categories`
--

DROP TABLE IF EXISTS `events_categories`;
/*!40101 SET @saved_cs_client     = @@character_set_client */;
/*!40101 SET character_set_client = utf8 */;
CREATE TABLE `events_categories` (
  `event_id` int(10) unsigned NOT NULL,
  `category_id` int(10) unsigned NOT NULL,
  KEY `events_categories_event_id_foreign` (`event_id`),
  KEY `events_categories_category_id_foreign` (`category_id`),
  CONSTRAINT `events_categories_category_id_foreign` FOREIGN KEY (`category_id`) REFERENCES `categories` (`id`) ON DELETE CASCADE,
  CONSTRAINT `events_categories_event_id_foreign` FOREIGN KEY (`event_id`) REFERENCES `events` (`id`) ON DELETE CASCADE
) ENGINE=InnoDB DEFAULT CHARSET=utf8 COLLATE=utf8_unicode_ci;
/*!40101 SET character_set_client = @saved_cs_client */;

--
-- Dumping data for table `events_categories`
--

LOCK TABLES `events_categories` WRITE;
/*!40000 ALTER TABLE `events_categories` DISABLE KEYS */;
INSERT INTO `events_categories` VALUES (400,4),(400,5),(400,6),(401,8),(401,9),(402,10),(403,11),(404,12),(404,13),(405,14),(406,15),(406,16),(407,17),(408,18),(409,18),(410,19),(410,20),(411,21),(411,15),(411,22),(412,23),(412,24),(413,25),(414,6),(415,6),(415,26),(416,6),(417,27),(417,28),(417,11),(418,19),(418,12),(418,14),(419,29),(419,30),(420,14),(421,11),(422,31),(422,32),(423,14),(423,12),(423,33),(424,34),(425,35),(426,11),(427,23),(427,24),(428,17),(429,8),(429,9),(430,12),(430,19),(430,5),(431,36),(431,11),(432,14),(433,37),(433,38),(433,39),(434,10),(434,24),(435,18),(436,4),(436,5),(436,6),(437,37),(437,39),(438,6),(439,40),(440,41),(440,18),(440,42),(441,6),(442,43),(442,36),(443,11),(444,6),(445,44),(446,45),(447,46),(448,42),(448,47),(449,14),(450,48),(451,19),(451,47),(451,12),(452,23),(452,24),(453,45),(454,49),(455,11),(455,50),(455,51),(456,6),(456,5),(456,19),(457,52),(458,53),(458,19),(458,6),(459,11),(460,14),(462,35),(463,19),(463,14),(467,57),(468,11),(469,23),(470,46),(471,42),(471,47),(472,35),(473,58),(474,5),(475,5),(477,23),(477,24),(478,18),(479,59),(480,8),(480,9),(481,60),(481,61),(481,62),(482,50),(483,19),(483,6),(484,63),(484,64),(484,65),(485,11),(485,66),(486,18),(487,5),(487,6),(488,45),(489,35),(489,10),(490,4),(490,5),(490,6),(491,19),(491,12),(491,14),(493,14),(494,14),(495,6),(496,18),(497,18),(498,8),(499,23),(499,67),(500,68),(501,19),(501,12),(501,14),(502,69),(503,17),(503,6),(504,35),(505,70),(506,11),(507,20),(507,5),(507,6),(508,71),(509,72),(510,6),(510,26),(511,6),(512,19),(512,12),(512,14),(513,49),(514,73),(515,47),(515,10),(515,74),(516,75),(517,35),(517,76),(518,77),(518,78),(519,5),(519,6),(520,46),(520,79),(521,80),(522,5),(522,81),(522,12),(523,5),(523,6),(524,6),(524,5),(524,19),(525,17),(526,82),(526,83),(527,84),(527,15),(527,12),(528,19),(528,85),(528,32),(529,19),(529,12),(529,14),(530,23),(531,35),(532,8),(532,9),(533,86),(534,87),(534,51),(534,33),(535,4),(535,5),(535,6),(536,12),(536,47),(536,88),(537,8),(537,9),(538,69),(539,5),(539,6),(540,5),(540,6),(541,11),(542,60),(542,89),(543,11),(544,19),(544,6),(545,14),(546,8),(546,9),(547,19),(548,24),(549,24),(550,90),(551,11),(552,50),(553,19),(554,18),(555,24),(556,80),(557,14),(558,18),(559,19),(559,47),(559,12),(560,14),(561,70),(562,14),(563,92),(563,26),(564,72),(565,14),(566,23),(568,14),(568,47),(569,35),(570,42),(570,47),(571,49),(571,93),(571,94),(572,23),(572,24),(573,14),(574,59),(575,95),(576,18),(577,19),(577,6),(578,14),(578,47),(578,12),(579,6),(579,5),(579,19),(580,6),(581,19),(581,12),(581,14),(582,59),(583,41),(583,18),(583,42),(584,14),(585,14),(586,81),(586,96),(587,97),(588,5),(588,6),(589,35),(590,5),(590,98),(590,99),(591,47),(591,10),(591,74),(592,6),(593,19),(593,85),(593,32),(594,5),(594,6),(595,14),(595,29),(595,85),(596,47),(597,19),(597,6),(598,11),(599,5),(600,100),(601,101),(602,17),(603,19),(603,12),(603,14),(604,19),(604,12),(604,14),(606,72),(606,102),(607,103),(608,37),(608,38),(608,39),(609,35),(610,5),(610,98),(610,99),(611,24),(612,24),(613,10),(613,24),(614,8),(614,9),(615,14),(615,47),(616,104),(616,82),(616,21),(617,77),(618,31),(620,24),(621,35),(622,59),(623,51),(624,19),(624,12),(624,14),(625,34),(625,14),(625,12),(626,19),(626,85),(626,32),(627,26),(627,105),(627,96),(628,17),(629,20),(629,5),(629,6),(630,106),(631,80),(632,14),(632,20),(632,107),(633,18),(634,14),(635,69),(636,11),(637,23),(637,24),(638,20),(638,5),(638,6),(639,5),(639,81),(639,12),(640,108),(640,5),(641,59),(642,12),(642,19),(643,5),(643,6),(645,6),(645,5),(646,14),(647,14),(648,42),(648,47),(649,11),(650,6),(652,14),(653,19),(654,32),(654,109),(654,110),(655,19),(655,85),(655,32),(656,46),(657,111),(658,11),(659,23),(659,24),(660,35),(661,6),(661,5),(662,42),(662,47),(663,59),(664,28),(665,112),(665,113),(666,18),(667,46),(668,59),(669,20),(669,5),(669,6),(670,114),(671,115),(671,14),(672,101),(673,17),(674,81),(674,96),(675,6),(676,12),(676,19),(677,19),(677,12),(677,14),(678,85),(679,18),(680,19),(680,12),(680,14),(681,14),(682,23),(683,116),(684,10),(685,5),(686,6),(686,26),(687,10),(687,24),(688,5),(688,6),(689,117),(689,118),(690,5),(690,98),(690,99),(691,35),(692,8),(692,9),(693,50),(694,14),(695,34),(695,14),(695,12),(696,81),(696,96),(697,77),(697,78),(698,5),(698,98),(698,99),(699,80),(700,74),(701,10),(702,14),(703,18),(704,6),(704,26),(705,5),(705,6),(706,101),(707,6),(707,5),(708,19),(708,12),(708,14),(709,20),(709,5),(709,6),(710,40),(711,23),(711,24),(712,119),(712,120),(713,11),(714,14),(714,107),(714,19),(715,14),(716,19),(717,6),(717,5),(717,19),(718,23),(719,45),(720,72),(721,11),(722,43),(723,20),(723,5),(723,6),(724,23),(724,24),(725,80),(726,8),(726,9),(727,37),(727,38),(727,39),(728,14),(728,47),(728,12),(729,121),(730,18),(731,122),(732,123),(732,118),(732,28),(733,124),(734,50),(735,12),(736,45),(737,125),(738,88),(739,88),(740,40),(740,111),(740,127),(741,88),(742,128),(744,76),(745,15),(747,6),(401,66),(429,66),(480,66),(532,66),(537,66),(546,66),(614,66),(692,66),(726,66);
/*!40000 ALTER TABLE `events_categories` ENABLE KEYS */;
UNLOCK TABLES;

--
-- Table structure for table `venues_categories`
--

DROP TABLE IF EXISTS `venues_categories`;
/*!40101 SET @saved_cs_client     = @@character_set_client */;
/*!40101 SET character_set_client = utf8 */;
CREATE TABLE `venues_categories` (
  `venue_id` int(10) unsigned NOT NULL,
  `category_id` int(10) unsigned NOT NULL,
  KEY `venues_categories_venue_id_foreign` (`venue_id`),
  KEY `venues_categories_category_id_foreign` (`category_id`),
  CONSTRAINT `venues_categories_category_id_foreign` FOREIGN KEY (`category_id`) REFERENCES `categories` (`id`) ON DELETE CASCADE,
  CONSTRAINT `venues_categories_venue_id_foreign` FOREIGN KEY (`venue_id`) REFERENCES `venues` (`id`) ON DELETE CASCADE
) ENGINE=InnoDB DEFAULT CHARSET=utf8 COLLATE=utf8_unicode_ci;
/*!40101 SET character_set_client = @saved_cs_client */;

--
-- Dumping data for table `venues_categories`
--

LOCK TABLES `venues_categories` WRITE;
/*!40000 ALTER TABLE `venues_categories` DISABLE KEYS */;
INSERT INTO `venues_categories` VALUES (243,4),(243,5),(243,6),(244,8),(244,9),(245,10),(246,11),(247,12),(247,13),(248,14),(249,15),(249,16),(250,17),(251,18),(252,19),(252,20),(253,21),(253,15),(253,22),(254,23),(254,24),(255,25),(256,6),(257,6),(257,26),(258,27),(258,28),(258,11),(259,19),(259,12),(259,14),(260,29),(260,30),(261,14),(262,11),(263,31),(263,32),(264,14),(264,12),(264,33),(265,34),(266,35),(267,11),(268,12),(268,19),(268,5),(269,36),(269,11),(270,14),(271,37),(271,38),(271,39),(272,10),(272,24),(273,18),(274,37),(274,39),(275,40),(276,41),(276,18),(276,42),(277,43),(277,36),(278,11),(279,6),(280,44),(281,45),(282,46),(283,42),(283,47),(284,14),(285,48),(286,19),(286,47),(286,12),(287,45),(288,49),(289,11),(289,50),(289,51),(290,6),(290,5),(290,19),(291,52),(292,53),(292,19),(292,6),(293,14),(295,19),(295,14),(299,57),(300,11),(301,23),(302,58),(303,5),(304,5),(306,59),(307,60),(307,61),(307,62),(308,50),(309,19),(309,6),(310,63),(310,64),(310,65),(311,11),(311,66),(312,5),(312,6),(313,45),(314,35),(314,10),(315,14),(316,14),(317,6),(318,8),(319,23),(319,67),(320,68),(321,69),(322,17),(322,6),(323,70),(324,20),(324,5),(324,6),(325,71),(326,72),(327,49),(328,73),(329,47),(329,10),(329,74),(330,75),(331,35),(331,76),(332,77),(332,78),(333,46),(333,79),(334,80),(335,5),(335,81),(335,12),(336,6),(336,5),(336,19),(337,82),(337,83),(338,84),(338,15),(338,12),(339,19),(339,85),(339,32),(340,86),(341,87),(341,51),(341,33),(342,12),(342,47),(342,88),(343,60),(343,89),(344,11),(345,19),(345,6),(346,14),(347,19),(348,24),(349,90),(350,11),(351,50),(352,19),(353,24),(354,80),(355,14),(356,14),(357,70),(358,14),(359,92),(359,26),(360,72),(362,14),(362,47),(363,49),(363,93),(363,94),(364,95),(365,14),(365,47),(365,12),(366,6),(367,14),(368,14),(369,81),(369,96),(370,97),(371,5),(371,98),(371,99),(372,6),(373,14),(373,29),(373,85),(374,47),(375,100),(376,101),(378,72),(378,102),(379,103),(380,104),(380,82),(380,21),(381,77),(382,31),(384,51),(385,34),(385,14),(385,12),(386,26),(386,105),(386,96),(387,106),(388,14),(388,20),(388,107),(389,5),(389,81),(389,12),(390,108),(390,5),(391,12),(391,19),(393,6),(393,5),(394,14),(395,14),(396,11),(398,14),(399,32),(399,109),(399,110),(400,46),(401,111),(402,28),(403,112),(403,113),(404,114),(405,115),(405,14),(406,6),(407,85),(408,116),(409,5),(410,117),(410,118),(411,50),(412,14),(413,74),(414,14),(415,119),(415,120),(416,11),(417,14),(417,107),(417,19),(418,14),(419,23),(420,45),(421,43),(422,14),(422,47),(422,12),(423,121),(424,122),(425,123),(425,118),(425,28),(426,124),(427,50),(428,12),(429,45),(430,125),(431,88),(432,40),(432,111),(432,127),(433,128),(434,28),(434,47),(435,76),(244,66);
/*!40000 ALTER TABLE `venues_categories` ENABLE KEYS */;
UNLOCK TABLES;
/*!40103 SET TIME_ZONE=@OLD_TIME_ZONE */;

/*!40101 SET SQL_MODE=@OLD_SQL_MODE */;
/*!40014 SET FOREIGN_KEY_CHECKS=@OLD_FOREIGN_KEY_CHECKS */;
/*!40014 SET UNIQUE_CHECKS=@OLD_UNIQUE_CHECKS */;
/*!40101 SET CHARACTER_SET_CLIENT=@OLD_CHARACTER_SET_CLIENT */;
/*!40101 SET CHARACTER_SET_RESULTS=@OLD_CHARACTER_SET_RESULTS */;
/*!40101 SET COLLATION_CONNECTION=@OLD_COLLATION_CONNECTION */;
/*!40111 SET SQL_NOTES=@OLD_SQL_NOTES */;

-- Dump completed on 2016-04-26  0:53:25
